time,latitude,longitude,depth,mag,magType,nst,gap,dmin,rms,net,id,updated,place,type,horizontalError,depthError,magError,magNst,status,locationSource,magSource
2023-09-24T15:01:37.370Z,52.6072,-171.8369,109.128,5,mb,66,99,1.502,1.04,us,us7000kxtv,2023-09-24T15:23:18.395Z,"Fox Islands, Aleutian Islands, Alaska",earthquake,7.02,7.628,0.023,600,reviewed,us,us
2023-09-24T14:30:36.773Z,35.3848,141.3354,33.073,4.6,mb,16,162,2.786,1.02,us,us7000kxtt,2023-09-24T15:25:01.040Z,"59 km SE of Hasaki, Japan",earthquake,11.9,8.119,0.244,5,reviewed,us,us
2023-09-24T12:18:54.860Z,17.9181666666667,-66.8446666666667,11.37,2.68,md,7,225,0.06546,0.09,pr,pr71425678,2023-09-24T13:56:37.680Z,"Puerto Rico region",earthquake,0.6,0.56,0.088039782187268,5,reviewed,pr,pr
2023-09-24T11:01:55.994Z,-18.0779,-178.3313,614.919,4.4,mb,54,40,4.152,0.78,us,us7000kxtc,2023-09-24T11:17:38.040Z,"248 km E of Levuka, Fiji",earthquake,10.38,8.012,0.038,200,reviewed,us,us
2023-09-24T09:36:08.061Z,-4.4186,153.4785,114.435,4.7,mb,57,118,12.178,0.45,us,us7000kxt2,2023-09-24T09:52:23.040Z,"134 km E of Kokopo, Papua New Guinea",earthquake,10.41,7.006,0.061,80,reviewed,us,us
2023-09-24T09:21:41.111Z,13.7868,-90.6787,89.327,4.2,mb,51,150,0.881,0.53,us,us7000kxt1,2023-09-24T09:34:28.040Z,"",earthquake,8.38,9.543,0.06,79,reviewed,us,us
2023-09-24T08:50:17.845Z,32.686,-100.691,6.0159,2.9,ml(texnet),13,82,0.1,0.2,tx,tx2023ssri,2023-09-24T09:07:14.184Z,"8 km NE of Hermleigh, Texas",earthquake,1.292914036,2.036013163,0.1,9,reviewed,tx,tx
2023-09-24T08:40:53.631Z,57.6684,-149.9204,40.1,2.8,ml,,,,0.93,ak,ak023c9phtgz,2023-09-24T08:43:57.509Z,"141 km E of Chiniak, Alaska",earthquake,,8.6,,,automatic,ak,ak
2023-09-24T08:13:46.143Z,-17.4583,-178.8754,534.162,4.5,mb,33,92,4.787,0.53,us,us7000kxsk,2023-09-24T08:51:18.040Z,"",earthquake,15.97,12.383,0.102,31,reviewed,us,us
2023-09-24T07:13:14.839Z,31.626,-104.516,5.0261,3.2,ml(texnet),29,148,0,0.3,tx,tx2023ssod,2023-09-24T07:38:38.692Z,"62 km SSW of Whites City, New Mexico",earthquake,1.9481208,1.407665056,0.2,19,reviewed,tx,tx
2023-09-24T07:11:42.633Z,31.678,-104.52,5.4889,2.7,ml(texnet),29,146,0,0.3,tx,tx2023ssob,2023-09-24T07:38:01.040Z,"56 km SSW of Whites City, New Mexico",earthquake,1.063387978,0.5545541541,0.2,19,reviewed,tx,tx
2023-09-24T05:55:40.049Z,-25.3077,179.92,475.539,4.4,mb,55,71,4.383,0.99,us,us7000kxry,2023-09-24T06:20:05.040Z,"south of the Fiji Islands",earthquake,12.15,6.902,0.047,130,reviewed,us,us
2023-09-24T04:00:07.709Z,41.8114,45.0495,10,4,mb,26,110,0.311,0.93,us,us7000kxrj,2023-09-24T13:00:43.963Z,"3 km NE of Mart’q’opi, Georgia",earthquake,4.25,1.935,0.258,4,reviewed,us,us
2023-09-24T03:39:10.140Z,19.2625,-67.3535,43,3.56,md,15,295,0.8311,0.39,pr,pr2023267000,2023-09-24T04:10:20.408Z,"89 km NNW of San Antonio, Puerto Rico",earthquake,2.54,10.32,0.05,12,reviewed,pr,pr
2023-09-24T02:37:34.643Z,56.96,-156.17,0.5,2.6,ml,,,,0.52,ak,ak023c9lwj88,2023-09-24T02:46:29.040Z,"96 km SE of Ugashik, Alaska",earthquake,,0.4,,,automatic,ak,ak
2023-09-24T02:28:51.163Z,31.0312,141.9226,10,4.5,mb,62,72,2.743,0.82,us,us7000kxrb,2023-09-24T03:12:44.040Z,"Izu Islands, Japan region",earthquake,9.96,1.878,0.066,68,reviewed,us,us
2023-09-24T02:12:28.776Z,33.9848,26.0951,10,4.4,mb,64,96,1.636,0.9,us,us7000kxr4,2023-09-24T02:41:34.040Z,"118 km SSE of Ierápetra, Greece",earthquake,7.88,1.9,0.086,39,reviewed,us,us
2023-09-24T02:07:25.788Z,31.0204,141.8753,10,4.5,mb,31,136,5.928,0.65,us,us7000kxr5,2023-09-24T02:26:52.040Z,"Izu Islands, Japan region",earthquake,12.91,1.92,0.127,18,reviewed,us,us
2023-09-24T01:27:34.340Z,1.9017,96.907,29.945,5.1,mb,63,113,2.163,0.62,us,us7000kxr1,2023-09-24T01:45:42.040Z,"Nias region, Indonesia",earthquake,9.37,5.398,0.06,92,reviewed,us,us
2023-09-24T01:24:27.130Z,18.8313333333333,-67.172,8.68,3.25,md,22,262,0.3665,0.17,pr,pr71425638,2023-09-24T01:55:18.550Z,"38 km NNW of San Antonio, Puerto Rico",earthquake,0.53,0.62,0.0268844201775413,8,reviewed,pr,pr
2023-09-24T00:48:33.060Z,37.4273338,-113.1363297,11.83,2.57,ml,25,57,0.07164,0.22,uu,uu60550762,2023-09-24T01:02:37.730Z,"13 km SSE of Kanarraville, Utah",earthquake,0.5,0.71,0.26,19,reviewed,uu,uu
2023-09-23T23:31:14.200Z,39.4576683,-121.9603348,4.85,2.86,md,6,188,0.3028,0.1,nc,nc73940986,2023-09-24T00:06:34.334Z,"21 km ESE of Willows, CA",earthquake,2.5,10.9,0.28,4,automatic,nc,nc
2023-09-23T23:22:07.824Z,56.9661,-156.1887,8.8,2.5,ml,,,,0.45,ak,ak023c8as0mm,2023-09-23T23:33:25.040Z,"95 km SE of Ugashik, Alaska",earthquake,,1.1,,,automatic,ak,ak
2023-09-23T23:07:54.910Z,65.1549,-150.2373,16.7,2.6,ml,,,,0.32,ak,ak023c8aowir,2023-09-23T23:22:51.040Z,"northern Alaska",earthquake,,0.2,,,automatic,ak,ak
2023-09-23T22:02:35.170Z,37.4321671,-121.7698364,10.36,2.67,md,76,32,0.1034,0.07,nc,nc73940946,2023-09-24T02:02:32.115Z,"9 km NE of Alum Rock, CA",earthquake,0.13,0.48,0.14,93,automatic,nc,nc
2023-09-23T21:52:40.117Z,55.5876,-135.2106,0,3.4,ml,,,,0.72,ak,ak023c89rne3,2023-09-23T23:20:39.999Z,"",earthquake,,0.5,,,automatic,ak,ak
2023-09-23T21:50:19.551Z,32.7205,-100.658,5,2.6,mb_lg,38,31,0.418,0.88,us,us7000kxq9,2023-09-23T22:21:31.040Z,"",earthquake,1.91,1.979,0.081,41,reviewed,us,us
2023-09-23T20:38:14.570Z,54.978,-160.4082,42.23,3.8,ml,27,203,0.374,0.45,us,us7000kxpw,2023-09-24T01:02:29.747Z,"40 km S of Sand Point, Alaska",earthquake,4.64,12.688,0.071,26,reviewed,us,us
2023-09-23T20:16:32.426Z,-21.2,-68.749,124.487,4.5,mb,25,59,0.707,0.74,us,us7000kxpq,2023-09-23T20:25:17.040Z,"51 km W of Ollagüe, Chile",earthquake,5.56,8.483,0.192,8,reviewed,us,us
2023-09-23T18:16:13.950Z,19.4843333333333,-65.489,87.1,3.38,md,3,320,1.234,0.37,pr,pr71425613,2023-09-23T19:50:15.510Z,"",earthquake,13.92,23.99,0.122549952904732,2,reviewed,pr,pr
2023-09-23T17:01:36.223Z,42.8536,17.5603,14.914,4,mb,30,30,1.324,0.7,us,us7000kxnx,2023-09-24T08:53:47.335Z,"8 km SSW of Neum, Bosnia and Herzegovina",earthquake,4.81,1.973,0.299,3,reviewed,us,us
2023-09-23T16:36:41.177Z,31.498,-103.581,4.8205,2.7,ml(texnet),20,71,0.1,0.3,tx,tx2023srle,2023-09-23T22:49:49.500Z,"11 km NW of Pecos, Texas",earthquake,1.197062793,1.247607921,0.3,12,reviewed,tx,tx
2023-09-23T15:57:47.780Z,37.4230003,-121.2986679,1.81,3.33,ml,81,162,0.03956,0.17,nc,nc73940786,2023-09-24T02:00:19.460Z,"16 km WSW of Patterson, CA",earthquake,0.33,0.85,0.39,41,automatic,nc,nc
2023-09-23T15:51:21.437Z,-22.3117,170.4043,10,5.1,mww,44,117,2.752,1.06,us,us7000kxnj,2023-09-23T16:07:26.040Z,"southeast of the Loyalty Islands",earthquake,9.18,1.879,0.098,10,reviewed,us,us
2023-09-23T15:01:14.850Z,35.6603,140.784,51.541,4.4,mb,26,171,2.263,0.67,us,us7000kxnb,2023-09-23T21:11:53.990Z,"near the east coast of Honshu, Japan",earthquake,3.32,9.428,0.156,12,reviewed,us,us
2023-09-23T14:40:15.920Z,17.9423333333333,-66.9463333333333,10.32,2.84,md,4,218,0.097,0.07,pr,pr71425598,2023-09-23T14:59:33.980Z,"5 km SW of Guánica, Puerto Rico",earthquake,1.08,1.88,0.0556874450236085,3,reviewed,pr,pr
2023-09-23T14:37:18.265Z,56.2465,-156.5515,35.1,2.8,ml,,,,0.51,ak,ak023c85icsx,2023-09-23T15:48:04.040Z,"114 km E of Chignik, Alaska",earthquake,,24.8,,,automatic,ak,ak
2023-09-23T14:24:34.344Z,17.1564,96.0875,10,4.8,mb,54,56,3.012,0.87,us,us7000kxn3,2023-09-24T13:44:52.369Z,"39 km N of Yangon, Myanmar",earthquake,3.39,1.869,0.072,59,reviewed,us,us
2023-09-23T11:12:51.151Z,64.4787,-146.9353,10.4,3.9,ml,,,,0.83,ak,ak023c83krjp,2023-09-24T09:14:50.517Z,"5 km SSW of Salcha, Alaska",earthquake,,0.1,,,reviewed,ak,ak
2023-09-23T09:10:04.855Z,-10.6388,165.8511,187.562,4.5,mb,39,154,9.97,0.6,us,us7000kxm3,2023-09-23T09:30:10.040Z,"11 km NNE of Lata, Solomon Islands",earthquake,12.41,7.717,0.093,34,reviewed,us,us
2023-09-23T08:22:21.510Z,37.8688,36.3652,4.124,4.5,mb,36,47,0.289,0.96,us,us7000kxls,2023-09-23T12:17:15.443Z,"Central Turkey",earthquake,6.09,3.201,0.124,19,reviewed,us,us
2023-09-23T08:16:44.987Z,57.4687,-152.5708,52.5,3,ml,,,,0.3,ak,ak023c81tb81,2023-09-23T08:25:12.955Z,"23 km SW of Chiniak, Alaska",earthquake,,1.1,,,automatic,ak,ak
2023-09-23T07:26:09.690Z,37.5253334,-118.8355026,3.22,2.79,md,24,136,0.06478,0.03,nc,nc73940601,2023-09-23T07:48:30.893Z,"14 km WSW of Toms Place, CA",earthquake,0.4,0.84,0.12,29,automatic,nc,nc
2023-09-23T05:29:26.310Z,62.4206,-151.1023,87.1,2.5,ml,,,,0.37,ak,ak023c803r72,2023-09-23T05:40:23.040Z,"19 km WSW of Petersville, Alaska",earthquake,,0.7,,,automatic,ak,ak
2023-09-23T03:39:17.990Z,19.2011666666667,-155.495,32.97,2.73,ml,51,69,,0.11,hv,hv73583612,2023-09-23T04:09:45.080Z,"1 km W of Pāhala, Hawaii",earthquake,0.43,0.55,0.171578282923476,36,reviewed,hv,hv
2023-09-23T03:05:33.995Z,18.1703,-76.5981,10,3,ml,5,225,0.892,0.92,us,us7000kxkz,2023-09-23T18:17:49.513Z,"4 km SW of Hope Bay, Jamaica",earthquake,5.29,2.016,0.148,6,reviewed,us,us
2023-09-23T02:20:15.944Z,-5.4749,131.3712,61.98,4.3,mb,25,133,1.741,0.92,us,us7000kxkl,2023-09-23T04:21:43.040Z,"153 km W of Tual, Indonesia",earthquake,8.44,8.416,0.142,14,reviewed,us,us
2023-09-23T02:13:00.074Z,-19.7981,-69.2978,105.127,4.4,mb,31,86,0.162,0.49,us,us7000kxkk,2023-09-23T03:37:51.287Z,"Tarapaca, Chile",earthquake,2.96,4.488,0.126,19,reviewed,us,us
2023-09-23T02:09:01.492Z,-24.3076,-67.131,171.206,4.4,mb,28,57,1.657,1,us,us7000kxkj,2023-09-23T02:29:06.040Z,"83 km W of San Antonio de los Cobres, Argentina",earthquake,6.8,9.996,0.179,10,reviewed,us,us
2023-09-23T01:49:14.938Z,50.5603,156.5319,108.206,4.5,mb,84,124,2.653,0.48,us,us7000kxkh,2023-09-23T02:19:09.040Z,"31 km ESE of Severo-Kuril’sk, Russia",earthquake,10.44,7.183,0.045,142,reviewed,us,us
2023-09-23T00:48:19.811Z,31.6474,-104.4044,6.597,2.6,ml,23,109,0.085,0.38,us,us7000kxka,2023-09-23T01:08:36.040Z,"",earthquake,1.88,1.814,0.05,52,reviewed,us,us
2023-09-22T23:39:31.397Z,37.4734,73.2354,85.69,4.3,mb,20,109,2.297,0.67,us,us7000kxju,2023-09-23T00:31:17.040Z,"99 km NE of Khandūd, Afghanistan",earthquake,4.06,11.245,0.177,9,reviewed,us,us
2023-09-22T23:31:24.971Z,44.9163,144.2981,246.766,4,mb,52,148,1.457,0.41,us,us7000kxjt,2023-09-23T00:15:11.040Z,"97 km NE of Mombetsu, Japan",earthquake,10.6,7.913,0.082,40,reviewed,us,us
2023-09-22T22:49:46.141Z,50.2558,179.5058,32.8,2.8,ml,,,,0.45,ak,ak023c6mt4on,2023-09-23T01:30:12.090Z,"",earthquake,,1.5,,,reviewed,ak,ak
2023-09-22T22:13:50.776Z,-18.8642,-174.2541,129.835,4.9,mb,41,75,0.322,0.69,us,us7000kxjb,2023-09-22T23:02:09.181Z,"36 km SW of Neiafu, Tonga",earthquake,10.11,4.396,0.062,81,reviewed,us,us
2023-09-22T21:54:59.020Z,57.0774,-154.4949,19.1,3.4,ml,,,,0.38,ak,ak023c6m8rn0,2023-09-22T23:18:10.476Z,"24 km NW of Akhiok, Alaska",earthquake,,1.2,,,reviewed,ak,ak
2023-09-22T20:19:47.147Z,-22.264,-68.6764,127.757,4.5,mb,30,95,0.701,1.05,us,us7000kxip,2023-09-22T21:11:56.040Z,"33 km NE of Calama, Chile",earthquake,6.09,5.641,0.131,18,reviewed,us,us
2023-09-22T20:15:58.071Z,32.683,-100.698,7.2142,3.9,ml(texnet),27,54,0,0.2,tx,tx2023spwx,2023-09-23T20:19:28.732Z,"7 km NE of Hermleigh, Texas",earthquake,0.9104395718,1.231227779,0.2,20,reviewed,tx,tx
2023-09-22T20:06:30.048Z,51.4683,-179.1587,64.6,3.8,ml,,,,0.51,ak,ak023c6lczmt,2023-09-22T23:14:47.641Z,"180 km WSW of Adak, Alaska",earthquake,,0.3,,,reviewed,ak,ak
2023-09-22T19:31:28.110Z,51.2518,100.26,10.284,4.3,mb,39,42,2.16,0.75,us,us7000kxi8,2023-09-22T21:06:21.040Z,"39 km SW of Turt, Mongolia",earthquake,6.94,2.836,0.095,35,reviewed,us,us
2023-09-22T19:13:40.573Z,43.3373,138.9871,219.462,4.1,mb,66,64,2.728,0.59,us,us7000kxi2,2023-09-22T20:59:32.040Z,"117 km WNW of Suttsu, Japan",earthquake,7.96,8.031,0.072,57,reviewed,us,us
2023-09-22T18:51:55.609Z,35.53883333,-96.75333333,7.91,2.97,ml,100,35,0.1169770451,0.21,ok,ok2023spud,2023-09-22T20:57:15.933Z,"8 km NW of Prague, Oklahoma",earthquake,,0.5,0.21,24,reviewed,ok,ok
2023-09-22T18:03:14.430Z,37.3110008,-122.0713348,6.68,2.84,md,70,65,0.02823,0.13,nc,nc73940346,2023-09-24T09:51:47.323Z,"4 km WSW of Cupertino, CA",earthquake,0.17,0.38,0.1,105,automatic,nc,nc
2023-09-22T16:33:14.566Z,30.9034,142.0856,10,5,mb,46,136,2.93,0.93,us,us7000kxh4,2023-09-22T16:48:54.040Z,"Izu Islands, Japan region",earthquake,9.41,1.906,0.052,122,reviewed,us,us
2023-09-22T16:19:32.763Z,-14.9289,166.8404,40.12,5.4,mww,92,31,6.098,0.99,us,us7000kxh2,2023-09-23T16:22:49.040Z,"27 km WNW of Port-Olry, Vanuatu",earthquake,6.89,6.218,0.078,16,reviewed,us,us
2023-09-22T14:59:17.151Z,-7.1322,129.7186,155.322,5.8,mww,75,76,2.599,0.91,us,us7000kxe7,2023-09-23T15:02:00.682Z,"Kepulauan Babar, Indonesia",earthquake,8.99,2.159,0.042,55,reviewed,us,us
2023-09-22T13:53:51.447Z,36.6683,71.0422,216.467,4.2,mb,28,72,2.56,0.41,us,us7000kxe1,2023-09-23T05:00:02.040Z,"28 km SE of Jurm, Afghanistan",earthquake,7.94,3.843,0.166,10,reviewed,us,us
2023-09-22T12:22:00.601Z,-24.6064,179.8635,512.693,4.3,mb,37,95,5.041,0.59,us,us7000kxcm,2023-09-22T13:03:52.040Z,"south of the Fiji Islands",earthquake,15.06,9.103,0.107,25,reviewed,us,us
2023-09-22T12:18:31.415Z,32.2816,-103.3111,7.935,3.5,ml,32,60,0.104,0.39,us,us7000kxci,2023-09-23T12:21:54.061Z,"21 km NNW of Jal, New Mexico",earthquake,2.48,6.886,0.085,26,reviewed,us,us
2023-09-22T11:59:08.923Z,54.9717,-160.3829,46.316,4,mb,40,158,0.382,0.66,us,us7000kxch,2023-09-22T17:35:47.263Z,"41 km S of Sand Point, Alaska",earthquake,7.19,14.318,0.173,9,reviewed,us,us
2023-09-22T11:38:15.180Z,18.3671666666667,-66.0703333333333,108.62,3.28,md,16,165,0.05913,0.2,pr,pr71425538,2023-09-22T20:27:22.007Z,"4 km ENE of Guaynabo, Puerto Rico",earthquake,1.74,0.85,0.0381534930859981,8,reviewed,pr,pr
2023-09-22T10:46:38.850Z,35.54033333,-96.7555,7,3.22,ml,101,35,0,0.18,ok,ok2023sped,2023-09-22T19:33:19.340Z,"8 km NW of Prague, Oklahoma",earthquake,,0.4,0.21,39,reviewed,ok,ok
2023-09-22T10:14:55.911Z,-10.0452,-72.9364,220.411,4.5,mb,84,68,4.293,0.67,us,us7000kxc3,2023-09-22T19:32:25.630Z,"Central Peru",earthquake,7.36,8.539,0.065,69,reviewed,us,us
2023-09-22T09:05:40.410Z,19.2687,121.0265,35.182,4.5,mb,50,134,3.532,0.67,us,us7000kxbi,2023-09-22T11:07:55.040Z,"73 km N of Claveria, Philippines",earthquake,10.45,9.044,0.093,34,reviewed,us,us
2023-09-22T09:04:41.626Z,54.9829,-160.4751,44.236,5,mww,116,123,0.367,0.81,us,us7000kxbh,2023-09-22T16:01:53.412Z,"Alaska Peninsula",earthquake,5.37,4.747,0.048,41,reviewed,us,us
2023-09-22T08:58:11.776Z,58.2467,-155.191,1.1,2.7,ml,,,,0.39,ak,ak023c6eiw4n,2023-09-23T04:51:32.040Z,"Alaska Peninsula",earthquake,,0.4,,,automatic,ak,ak
2023-09-22T08:56:47.740Z,36.41433333,-96.8765,7.29,2.83,ml,99,58,0,0.25,ok,ok2023span,2023-09-22T13:09:46.257Z,"",earthquake,,0.3,0.24,39,reviewed,ok,ok
2023-09-22T08:20:58.804Z,-25.2924,-179.848,469.703,4.8,mb,98,69,4.31,0.77,us,us7000kxbb,2023-09-22T08:38:02.040Z,"",earthquake,12.19,8.022,0.035,253,reviewed,us,us
2023-09-22T08:19:17.179Z,36.41533333,-96.87583333,7.32,2.71,ml,95,58,0,0.24,ok,ok2023sozh,2023-09-22T13:25:17.588Z,"10 km NW of Pawnee, Oklahoma",earthquake,,0.3,0.24,33,reviewed,ok,ok
2023-09-22T07:56:31.261Z,-21.1255,-68.7414,113.904,4.2,mb,21,71,0.701,0.61,us,us7000kxb3,2023-09-23T04:44:31.040Z,"51 km WNW of Ollagüe, Chile",earthquake,3.7,7.556,0.146,13,reviewed,us,us
2023-09-22T06:46:37.322Z,43.5237,-127.2753,10,3,ml,48,274,2.353,0.67,us,us7000kxaw,2023-09-22T12:26:23.040Z,"236 km W of Bandon, Oregon",earthquake,11.15,2.023,0.037,98,reviewed,us,us
2023-09-22T06:34:21.624Z,55.0208,-156.3285,4.8,3.6,ml,,,,0.67,ak,ak023c6d6wh3,2023-09-22T08:31:17.183Z,"192 km SE of Chignik, Alaska",earthquake,,2,,,reviewed,ak,ak
2023-09-22T05:20:22.367Z,60.6999,-147.0256,19.8,2.5,ml,,,,0.61,ak,ak023c6cigxe,2023-09-22T12:20:35.040Z,"26 km SW of Tatitlek, Alaska",earthquake,,0.2,,,automatic,ak,ak
2023-09-22T05:07:14.960Z,11.8647,-87.2264,40.427,4.6,mwr,271,148,0.998,0.73,us,us7000kxan,2023-09-24T05:55:27.086Z,"68 km S of Corinto, Nicaragua",earthquake,7.19,7.227,0.068,21,reviewed,us,us
2023-09-22T03:18:12.479Z,6.2467,123.7894,574.518,4.4,mb,49,51,1.957,0.66,us,us7000kxac,2023-09-22T03:33:19.040Z,"35 km SW of Sangay, Philippines",earthquake,9.96,7.864,0.069,62,reviewed,us,us
2023-09-22T02:21:45.316Z,36.6065,70.9835,205.225,4.4,mb,64,93,2.58,0.75,us,us7000kxa5,2023-09-22T03:08:53.040Z,"31 km SSE of Jurm, Afghanistan",earthquake,5.54,7.438,0.079,46,reviewed,us,us
2023-09-22T02:18:15.652Z,-8.3177,119.6635,193.034,4.4,mb,35,70,1.934,1.13,us,us7000kxa4,2023-09-22T02:52:25.040Z,"31 km NW of Labuan Bajo, Indonesia",earthquake,7.64,7.183,0.162,13,reviewed,us,us
2023-09-22T02:11:55.494Z,-8.7221,-74.3889,131.908,4.9,mb,62,95,4.044,0.77,us,us7000kxa3,2023-09-22T02:33:41.040Z,"Central Peru",earthquake,10.12,7.206,0.028,412,reviewed,us,us
2023-09-22T02:07:07.342Z,61.5393,-146.9259,26.8,2.7,ml,,,,0.36,ak,ak023c6ancni,2023-09-22T02:20:24.040Z,"46 km SSE of Eureka Roadhouse, Alaska",earthquake,,0.2,,,automatic,ak,ak
2023-09-22T01:34:42.320Z,17.9808333333333,-67.0111666666667,7.59,2.61,md,16,156,0.03345,0.08,pr,pr71425488,2023-09-22T01:45:49.700Z,"Puerto Rico region",earthquake,0.33,0.12,0.167108290838594,5,reviewed,pr,pr
2023-09-22T01:11:42.448Z,-3.7982,151.9464,10,5,mb,33,112,0.447,0.87,us,us7000kx9v,2023-09-22T01:29:34.040Z,"50 km NNW of Rabaul, Papua New Guinea",earthquake,4.89,1.906,0.085,44,reviewed,us,us
2023-09-22T00:46:51.447Z,31.0642,142.0254,10,4.7,mb,70,117,2.776,0.65,us,us7000kx9k,2023-09-22T01:11:36.040Z,"Izu Islands, Japan region",earthquake,5.65,1.815,0.061,81,reviewed,us,us
2023-09-22T00:45:48.799Z,14.916,108.2017,10,4.6,mb,36,78,2.959,0.35,us,us7000kx9i,2023-09-22T16:28:29.508Z,"",earthquake,6.25,1.491,0.142,15,reviewed,us,us
2023-09-22T00:31:12.047Z,18.1587,-76.6624,10,4.3,mb,53,41,0.832,0.48,us,us7000kx9c,2023-09-23T21:31:01.318Z,"8 km S of Buff Bay, Jamaica",earthquake,6.06,1.95,0.147,13,reviewed,us,us
2023-09-21T22:49:19.936Z,-21.8228,-67.1818,193.532,4.3,mwr,87,54,1.454,0.51,us,us7000kx90,2023-09-22T00:39:18.040Z,"129 km ESE of Ollagüe, Chile",earthquake,5.96,6.949,,,reviewed,us,guc
2023-09-21T22:41:40.200Z,79.5681,-18.5787,10,4.7,mb,108,70,5.704,0.48,us,us7000kx8y,2023-09-21T23:50:26.040Z,"eastern Greenland",earthquake,8.1,1.887,0.054,104,reviewed,us,us
2023-09-21T21:29:07.080Z,34.4805,-97.76816667,6.63,2.95,ml,91,47,0.1313742199,0.38,ok,ok2023sodv,2023-09-21T21:51:31.173Z,"8 km WNW of Velma, Oklahoma",earthquake,,0.9,0.23,28,reviewed,ok,ok
2023-09-21T21:22:12.556Z,30.9578,141.8328,12.734,5.7,mww,66,66,2.751,0.83,us,us7000kx7t,2023-09-22T21:27:15.832Z,"Izu Islands, Japan region",earthquake,10.19,4.34,0.069,20,reviewed,us,us
2023-09-21T21:11:49.950Z,-14.0039,167.1898,188.419,6.1,mww,76,26,7.076,0.83,us,us7000kx7j,2023-09-22T21:18:35.235Z,"41 km WSW of Sola, Vanuatu",earthquake,8.86,4.898,0.054,33,reviewed,us,us
2023-09-21T19:35:48.366Z,32.008,-103.842,5.9259,2.5,ml(texnet),20,74,0,0.1,tx,tx2023soac,2023-09-22T14:31:40.588Z,"32 km SE of Malaga, New Mexico",earthquake,1.380029687,0.8132823206,0.1,6,reviewed,tx,tx
2023-09-21T18:23:22.771Z,-6.2293,122.6361,12.127,4.7,mb,40,57,3.114,0.94,us,us7000kx63,2023-09-21T19:54:05.040Z,"84 km S of Baubau, Indonesia",earthquake,7.54,4.709,0.1,30,reviewed,us,us
2023-09-21T18:13:34.614Z,-6.4903,103.7535,27.731,4.6,mb,37,164,2.26,0.62,us,us7000kx67,2023-09-21T19:37:33.040Z,"204 km SW of Bandar Lampung, Indonesia",earthquake,9.31,5.513,0.119,21,reviewed,us,us
2023-09-21T16:43:07.424Z,-8.5992,118.3484,133.246,4.5,mb,16,76,0.609,0.88,us,us7000kx5q,2023-09-21T17:17:33.040Z,"14 km WSW of Dompu, Indonesia",earthquake,8.34,7.026,0.172,10,reviewed,us,us
2023-09-21T15:20:32.162Z,-30.6421,-178.217,40.104,5.6,mww,206,44,1.399,0.79,us,us7000kx4l,2023-09-22T15:34:29.104Z,"Kermadec Islands, New Zealand",earthquake,7.4,3.505,0.056,31,reviewed,us,us
2023-09-21T14:43:08.267Z,38.5573,45.4365,10,4.4,mb,21,91,1.068,0.81,us,us7000kx4i,2023-09-21T20:33:53.040Z,"32 km WNW of Marand, Iran",earthquake,5.96,1.795,0.17,10,reviewed,us,us
2023-09-21T13:15:55.080Z,18.0475,-66.9675,12.1,2.7,md,5,191,0.09351,0.15,pr,pr71425458,2023-09-21T13:41:47.710Z,"2 km W of Liborio Negron Torres, Puerto Rico",earthquake,3.08,3.71,0.0490852397579697,3,reviewed,pr,pr
2023-09-21T11:19:00.630Z,18.8505,-67.3286666666667,13.28,2.98,md,8,283,0.4332,0.21,pr,pr71425448,2023-09-21T11:53:32.860Z,"46 km NNW of San Antonio, Puerto Rico",earthquake,2.02,3.19,0.153408148121863,3,reviewed,pr,pr
2023-09-21T10:09:24.493Z,-23.2426,-66.7283,204.544,4.5,mb,56,34,1.367,1.16,us,us7000kx27,2023-09-21T10:39:35.040Z,"107 km W of El Aguilar, Argentina",earthquake,7.87,7.616,0.065,70,reviewed,us,us
2023-09-21T09:48:22.893Z,13.7876,144.6376,148.416,5,mb,85,40,0.299,1.04,us,us7000kx26,2023-09-24T09:58:38.433Z,"",earthquake,6.37,4.584,0.029,383,reviewed,us,us
2023-09-21T09:23:23.510Z,17.9503333333333,-66.9553333333333,14.83,2.6,md,8,212,0.07647,0.07,pr,pr71425438,2023-09-21T10:27:17.480Z,"5 km WSW of Guánica, Puerto Rico",earthquake,0.71,0.72,0.0889334153083212,4,reviewed,pr,pr
2023-09-21T08:33:39.540Z,17.9121666666667,-66.8726666666667,12.81,2.51,md,8,231,0.06286,0.15,pr,pr71425433,2023-09-21T08:51:06.920Z,"7 km SSE of Maria Antonia, Puerto Rico",earthquake,1.15,0.54,0.0690946818620057,5,reviewed,pr,pr
2023-09-21T07:24:26.789Z,34.4735,-97.76116667,18.13,2.84,ml,97,47,0.1403724541,0.38,ok,ok2023snbz,2023-09-21T20:02:15.012Z,"8 km W of Velma, Oklahoma",earthquake,,0.9,0.22,27,reviewed,ok,ok
2023-09-21T07:14:07.510Z,37.3118324,-122.0693359,6.59,2.91,md,75,66,0.02856,0.14,nc,nc73939716,2023-09-23T22:07:59.381Z,"4 km WSW of Cupertino, CA",earthquake,0.16,0.38,0.09,102,automatic,nc,nc
2023-09-21T06:34:25.844Z,36.1245,68.438,120.966,4.1,mb,18,122,1.656,0.8,us,us7000kx1q,2023-09-21T07:12:53.040Z,"Hindu Kush region, Afghanistan",earthquake,7.53,12.832,0.261,4,reviewed,us,us
2023-09-21T04:37:15.690Z,17.9505,-66.0163333333333,37.81,2.62,md,8,209,0.08744,0.22,pr,pr71425408,2023-09-21T04:51:05.550Z,"Puerto Rico region",earthquake,1.54,1.22,0.295489782084656,6,reviewed,pr,pr
2023-09-21T04:30:05.890Z,19.5241,-65.5145,90,3.74,md,10,289,1.2945,0.25,pr,pr2023264000,2023-09-21T04:55:34.412Z,"126 km NNE of Vieques, Puerto Rico",earthquake,4.17,7.37,0.16,4,reviewed,pr,pr
2023-09-21T04:07:03.930Z,0.1168,98.4629,27.152,4.7,mb,28,112,1.476,0.67,us,us7000kx1b,2023-09-21T04:33:48.040Z,"",earthquake,9.03,6.681,0.123,20,reviewed,us,us
2023-09-21T01:13:59.537Z,54.9711,-160.3721,50.608,5.4,mww,133,126,0.384,0.95,us,us7000kx0x,2023-09-24T01:24:06.130Z,"41 km SSE of Sand Point, Alaska",earthquake,3.08,4.998,0.048,42,reviewed,us,us
2023-09-20T23:15:47.109Z,63,-150.9146,123.9,3.3,ml,,,,0.32,ak,ak023c3c4k4z,2023-09-20T23:17:48.282Z,"56 km N of Petersville, Alaska",earthquake,,0.6,,,automatic,ak,ak
2023-09-20T22:47:27.562Z,39.7427,-120.5668,9.1,2.8,ml,24,156.43,0.104,0.151,nn,nn00866155,2023-09-21T05:38:56.399Z,"0 km N of Valley Ranch, California",earthquake,,1.3,0.32,11,reviewed,nn,nn
2023-09-20T22:17:32.550Z,46.8392,146.1959,339.781,4.6,mb,62,133,2.359,0.49,us,us7000kx06,2023-09-20T22:32:13.040Z,"221 km NW of Kuril’sk, Russia",earthquake,12.12,8.574,0.028,372,reviewed,us,us
2023-09-20T19:22:32.588Z,-44.8387,35.2805,7.56,5.8,mww,43,44,16.779,0.99,us,us7000kwz5,2023-09-22T17:10:48.040Z,"",earthquake,11.32,4.438,0.083,14,reviewed,us,us
2023-09-20T19:15:32.284Z,37.2925,-104.4932,5.906,2.8,mb_lg,9,65,0.167,0.07,us,us7000kwz1,2023-09-20T22:33:15.087Z,"7 km NNW of El Moro, Colorado",earthquake,2.15,5.987,0.109,40,reviewed,us,us
2023-09-20T17:01:12.440Z,39.3883324,-122.5746689,4.78,2.64,md,6,174,0.4488,0.32,nc,nc73939446,2023-09-20T21:19:35.990Z,"22 km S of Stony Gorge Reservoir, CA",earthquake,5.15,17.49,0.15,5,automatic,nc,nc
2023-09-20T16:09:55.377Z,31.51911132,-104.1640309,6.568603516,2.809321979,ml(texnet),10,77.0350531,0.1604871948,0.2060111058,tx,tx2023slxy,2023-09-21T15:43:31.846Z,"41 km WNW of Toyah, Texas",earthquake,1.604061625,2.469253901,0.1581722777,7,reviewed,tx,tx
2023-09-20T15:28:25.393Z,-4.7106,-106.1744,10,4.6,mb,90,111,22.541,0.67,us,us7000kwy1,2023-09-21T00:41:52.040Z,"central East Pacific Rise",earthquake,14.66,1.954,0.062,79,reviewed,us,us
2023-09-20T15:03:36.137Z,-4.6717,-105.9155,10,5.7,mww,99,96,16.106,0.57,us,us7000kwwq,2023-09-21T15:06:38.635Z,"central East Pacific Rise",earthquake,12.53,1.779,0.057,30,reviewed,us,us
2023-09-20T14:49:01.800Z,-24.2419,-67.5551,173.959,4.7,mb,22,97,1.406,1.25,us,us7000kww2,2023-09-20T16:17:08.040Z,"125 km W of San Antonio de los Cobres, Argentina",earthquake,7.08,9.238,0.165,11,reviewed,us,us
2023-09-20T14:45:58.609Z,-4.5826,-105.6493,10,6,mww,110,208,15.828,1.08,us,us7000kww3,2023-09-22T17:17:59.040Z,"central East Pacific Rise",earthquake,14.99,1.952,0.05,38,reviewed,us,us
2023-09-20T14:45:28.263Z,-4.5434,-105.7226,10,5.2,mb,182,69,15.889,0.81,us,us7000kww6,2023-09-20T15:23:23.040Z,"central East Pacific Rise",earthquake,13.09,1.852,0.028,405,reviewed,us,us
2023-09-20T14:00:14.948Z,40.257,142.3318,49.711,4.4,mb,26,185,1.103,0.94,us,us7000kww0,2023-09-20T15:01:29.040Z,"46 km ENE of Noda, Japan",earthquake,8.24,10.114,0.144,14,reviewed,us,us
2023-09-20T13:50:01.960Z,51.877,178.454,120.551,4.3,mb,116,166,0.107,0.75,us,us7000kwvx,2023-09-20T18:44:34.241Z,"Rat Islands, Aleutian Islands, Alaska",earthquake,10.24,5.684,0.045,141,reviewed,us,us
2023-09-20T13:10:13.292Z,65.0218,-151.5351,9.7,2.6,ml,,,,1.12,ak,ak023c3652xd,2023-09-20T13:12:35.335Z,"30 km ESE of Tanana, Alaska",earthquake,,0.4,,,automatic,ak,ak
2023-09-20T11:00:34.091Z,-22.7181,172.3394,35,4.6,mb,18,164,4.52,0.83,us,us7000kwvc,2023-09-20T11:25:46.040Z,"southeast of the Loyalty Islands",earthquake,6.75,1.949,0.146,16,reviewed,us,us
2023-09-20T10:27:11.509Z,34.4715,-97.7675,16.95,2.94,ml,89,48,0.1394726307,0.4,ok,ok2023slmm,2023-09-21T04:56:45.504Z,"Oklahoma",earthquake,,1.1,0.24,26,reviewed,ok,ok
2023-09-20T09:59:02.376Z,-24.9465,-70.1625,68.064,4.4,mb,18,127,0.387,0.78,us,us7000kwv2,2023-09-20T10:15:49.040Z,"",earthquake,5.02,6.411,0.17,10,reviewed,us,us
2023-09-20T09:32:31.407Z,-14.6962,167.965,13.77,5,mww,59,58,6.797,0.63,us,us7000kwv0,2023-09-20T09:52:12.040Z,"",earthquake,8.48,4.764,0.08,15,reviewed,us,us
2023-09-20T08:50:26.292Z,-17.8609,-178.6302,559.401,4.6,mb,61,46,3.162,0.83,us,us7000kwux,2023-09-20T09:08:29.040Z,"Fiji region",earthquake,11.71,7.993,0.035,239,reviewed,us,us
2023-09-20T07:00:42.181Z,19.6001,-70.8867,23.477,4.4,mb,54,100,0.127,1.18,us,us7000kwum,2023-09-21T01:57:48.622Z,"4 km NNW of Villa Bisonó, Dominican Republic",earthquake,5.11,5.44,0.051,112,reviewed,us,us
2023-09-20T06:15:49.656Z,59.9505,-152.7558,82.6,3.2,ml,,,,0.64,ak,ak023c3206y0,2023-09-20T07:28:04.040Z,"55 km WNW of Anchor Point, Alaska",earthquake,,0.8,,,automatic,ak,ak
2023-09-20T05:57:31.080Z,18.1478333333333,-67.3966666666667,9.98,2.7,md,7,228,0.248,0.29,pr,pr71425333,2023-09-20T06:11:23.100Z,"Mona Passage",earthquake,1.48,0.97,0.0290719185180424,4,reviewed,pr,pr
2023-09-20T05:42:41.464Z,-20.7196,-178.34,548.944,4.6,mb,77,38,2.966,0.65,us,us7000kwu9,2023-09-20T06:05:04.040Z,"Fiji region",earthquake,11.13,7.316,0.037,218,reviewed,us,us
2023-09-20T04:32:39.430Z,19.1195,-65.5928,36,3.5,md,12,268,0.9475,0.42,pr,pr2023263000,2023-09-20T05:04:19.562Z,"80 km NNE of Vieques, Puerto Rico",earthquake,3.76,18.27,0.11,9,reviewed,pr,pr
2023-09-20T03:01:50.890Z,68.1877,-145.5674,0,2.7,ml,,,,0.78,ak,ak023c304wdf,2023-09-22T03:24:22.040Z,"6 km N of Arctic Village, Alaska",earthquake,,0.5,,,automatic,ak,ak
2023-09-20T02:39:40.620Z,19.0483333333333,-155.385833333333,32.85,2.69,ml,53,206,,0.12,hv,hv73581337,2023-09-22T21:20:30.150Z,"",earthquake,0.41,0.6,0.201582778064473,30,reviewed,hv,hv
2023-09-20T02:39:38.572Z,38.1753,-117.7825,8.1,3.3,ml,14,50.98,0.115,0.1213,nn,nn00866091,2023-09-22T02:29:14.040Z,"37 km SE of Mina, Nevada",earthquake,,1.1,0.2,8,reviewed,nn,nn
2023-09-20T02:17:19.149Z,62.0652,-149.7676,32.6,2.5,ml,,,,0.46,ak,ak023c2zmtq9,2023-09-22T02:09:35.040Z,"11 km SSE of Susitna North, Alaska",earthquake,,0.4,,,automatic,ak,ak
2023-09-20T02:14:59.485Z,31.479,-103.737,133.4251,2.8,mlv,5,357,0.6,0,tx,tx2023skwh,2023-09-22T22:26:48.972Z,"18 km NNE of Toyah, Texas",earthquake,176.9326764,41.24241036,0.4,3,automatic,tx,tx
2023-09-20T01:33:08.352Z,32.3368,24.5085,10,4.1,mb,35,95,2.961,0.58,us,us7000kwte,2023-09-22T01:42:49.040Z,"59 km ENE of Tobruk, Libya",earthquake,8.98,1.928,0.131,16,reviewed,us,us
2023-09-20T01:29:57.898Z,32.47375488,-102.0924638,4.352945964,2.8,ml,21,73,0.1012374717,0.2,tx,tx2023skuu,2023-09-22T01:17:56.040Z,"31 km SSW of Los Ybanez, Texas",earthquake,1.195755628,2.5332279909999995,0.1,7,reviewed,tx,tx
2023-09-20T00:49:12.996Z,40.3133,144.9889,10,4.7,mb,48,155,2.191,0.55,us,us7000kwt1,2023-09-20T02:17:28.040Z,"",earthquake,5.05,1.922,0.095,34,reviewed,us,us
2023-09-20T00:32:13.713Z,62.0081,-150.1355,46.7,2.8,ml,,,,0.29,ak,ak023c2yj5ut,2023-09-20T02:27:42.040Z,"22 km SW of Susitna North, Alaska",earthquake,,0.7,,,automatic,ak,ak
2023-09-20T00:27:17.863Z,-36.4811,-96.9093,10,4.9,mb,49,149,19.866,0.82,us,us7000kwuf,2023-09-20T23:13:25.040Z,"",earthquake,9.92,1.787,0.086,42,reviewed,us,us
2023-09-20T00:03:39.060Z,40.850666,-124.081665,15.64,2.89,md,18,171,0.05162,0.06,nc,nc73939161,2023-09-20T23:07:55.272Z,"2 km S of Arcata, CA",earthquake,0.44,0.26,0.13,23,automatic,nc,nc
2023-09-19T23:27:23.903Z,-56.0477,-27.2539,107.651,4.6,mb,25,64,5.581,0.42,us,us7000kxfb,2023-09-22T21:58:21.040Z,"",earthquake,12.43,6.89,0.125,19,reviewed,us,us
2023-09-19T22:39:21.746Z,-29.9993,-176.4284,10,4.4,mb,9,240,1.492,0.41,us,us7000kxf6,2023-09-22T22:18:37.040Z,"Kermadec Islands region",earthquake,10.89,2.009,0.22,6,reviewed,us,us
2023-09-19T22:35:00.830Z,19.1325,-65.485,46,3.66,md,18,249,0.9383,0.37,pr,pr2023262002,2023-09-19T23:17:46.040Z,"86 km NNE of Vieques, Puerto Rico",earthquake,2.59,8.96,0.12,13,reviewed,pr,pr
2023-09-19T22:30:03.350Z,34.47283333,-97.775,13.92,2.71,ml,78,48,0.1367731604,0.44,ok,ok2023skov,2023-09-22T00:30:48.040Z,"9 km W of Velma, Oklahoma",earthquake,,1.6,0.22,24,reviewed,ok,ok
2023-09-19T22:17:51.695Z,69.1873,-144.4694,4.2,3.2,ml,,,,0.73,ak,ak023c1o07ug,2023-09-19T23:07:06.040Z,"110 km SSW of Kaktovik, Alaska",earthquake,,1,,,automatic,ak,ak
2023-09-19T22:17:47.142Z,30.9722,142.0125,10,5.2,mww,96,37,2.837,0.86,us,us7000kws9,2023-09-21T20:40:48.040Z,"Izu Islands, Japan region",earthquake,9.18,1.774,0.057,30,reviewed,us,us
2023-09-19T22:02:03.920Z,19.1941666666667,-65.477,39.43,3.32,md,5,319,1.093,0.08,pr,pr71425283,2023-09-19T22:17:44.500Z,"93 km NNE of Vieques, Puerto Rico",earthquake,1.6,7.86,0.00177455881647814,3,reviewed,pr,pr
2023-09-19T22:01:05.199Z,31.3588,141.7629,10,4.4,mb,18,156,2.407,0.38,us,us7000kws5,2023-09-19T22:18:40.040Z,"Izu Islands, Japan region",earthquake,12.85,1.8,0.179,9,reviewed,us,us
2023-09-19T21:14:49.137Z,-43.7064,171.118,11.737,5.6,mww,51,99,0.047,0.81,us,us7000kwrq,2023-09-20T21:19:10.131Z,"43 km W of Methven, New Zealand",earthquake,3.07,1.555,0.052,35,reviewed,us,us
2023-09-19T21:10:54.526Z,10.8543,144.0759,10,4.8,mb,37,87,2.827,0.57,us,us7000kwrt,2023-09-21T10:17:17.846Z,"274 km SSW of Merizo Village, Guam",earthquake,12.71,1.92,0.111,25,reviewed,us,us
2023-09-19T18:58:20.288Z,59.608,-154.0458,167.9,2.6,ml,,,,0.68,ak,ak023c1lv7d8,2023-09-20T13:43:15.040Z,"Southern Alaska",earthquake,,0.9,,,automatic,ak,ak
2023-09-19T18:22:13.367Z,42.6389,148.8488,10,4.5,mb,43,136,4.266,0.6,us,us7000kwqh,2023-09-19T21:56:46.040Z,"215 km SE of Shikotan, Russia",earthquake,7.08,1.888,0.084,42,reviewed,us,us
2023-09-19T18:18:08.655Z,40.19,-98.3276,9.98,2.6,mb_lg,24,34,1.225,0.41,us,us7000kwqd,2023-09-20T02:13:52.704Z,"10 km ENE of Cowles, Nebraska",earthquake,2.51,7.286,0.077,44,reviewed,us,us
2023-09-19T18:06:06.117Z,-24.3722,-67.1545,167.441,4.3,mwr,81,55,1.697,1.06,us,us7000kwqc,2023-09-19T19:47:54.040Z,"86 km W of San Antonio de los Cobres, Argentina",earthquake,6.67,4.837,,,reviewed,us,guc
2023-09-19T16:52:59.794Z,54.3662,-160.8867,35,4.4,mwr,56,161,1.013,0.89,us,us7000kwpy,2023-09-19T17:25:25.521Z,"110 km SSW of Sand Point, Alaska",earthquake,4.96,1.926,0.083,14,reviewed,us,us
2023-09-19T16:04:10.950Z,51.5096,16.1694,5,4.6,mb,102,44,1.165,0.9,us,us7000kwpp,2023-09-20T10:21:52.574Z,"6 km W of Rudna, Poland",earthquake,4.26,1.877,0.066,68,reviewed,us,us
2023-09-19T15:58:41.750Z,40.5628,-125.6305,10,2.7,ml,14,276,1.244,0.38,us,us7000kwpn,2023-09-19T17:24:22.040Z,"115 km W of Ferndale, California",earthquake,5.61,2.023,0.053,46,reviewed,us,us
2023-09-19T15:36:10.783Z,67.3907,-168.41,10.663,3.3,mb_lg,17,210,2.2,0.44,us,us7000kwnw,2023-09-19T16:53:31.040Z,"127 km SSW of Point Hope, Alaska",earthquake,3.64,8.625,0.193,7,reviewed,us,us
2023-09-19T15:01:23.038Z,16.5867,-100.3062,10,4.2,mb,66,264,1.926,0.84,us,us7000kwnr,2023-09-19T17:47:19.830Z,"46 km SSW of Los Mogotes, Mexico",earthquake,10.65,2.009,0.06,77,reviewed,us,us
2023-09-19T13:58:06.386Z,61.7541,-150.4475,56,3.3,ml,,,,0.68,ak,ak023c1iw083,2023-09-20T14:00:54.699Z,"21 km W of Willow, Alaska",earthquake,,0.3,,,reviewed,ak,ak
2023-09-19T12:16:33.216Z,-5.3409,103.6721,59.909,4.9,mb,72,158,1.207,0.64,us,us7000kwn2,2023-09-19T13:11:40.040Z,"144 km SSW of Baturaja, Indonesia",earthquake,7.98,3.713,0.07,64,reviewed,us,us
2023-09-19T11:14:31.926Z,-8.6594,118.3276,136.834,4.5,mb,19,67,0.57,0.51,us,us7000kwmv,2023-09-19T12:12:02.040Z,"Sumbawa region, Indonesia",earthquake,9.2,7.106,0.164,12,reviewed,us,us
2023-09-19T10:54:55.937Z,40.1755,-98.3374,9.951,2.8,mb_lg,24,52,1.24,0.44,us,us7000kwmt,2023-09-19T11:21:52.040Z,"9 km E of Cowles, Nebraska",earthquake,1.84,7.414,0.054,92,reviewed,us,us
2023-09-19T10:21:52.700Z,37.4476667,-121.2435,4.83,3,md,46,82,0.06983,0.15,nc,nc73938936,2023-09-23T18:35:25.559Z,"10 km WSW of Patterson, CA",earthquake,0.25,0.72,0.152,195,reviewed,nc,nc
2023-09-19T09:54:27.540Z,34.1121667,-117.47,6.8,3.06,ml,150,15,0.02881,0.22,ci,ci39668658,2023-09-23T18:19:56.107Z,"2 km NW of Fontana, CA",earthquake,0.11,0.29,0.165,167,reviewed,ci,ci
2023-09-19T07:32:11.882Z,41.8742,144.3567,43.526,4.6,mb,54,149,0.906,0.64,us,us7000kwmd,2023-09-19T07:55:21.040Z,"",earthquake,8.64,7.803,0.078,49,reviewed,us,us
2023-09-19T06:22:36.972Z,30.9788,141.9754,10,5.8,mww,97,98,2.812,0.68,us,us7000kwm6,2023-09-22T17:37:15.040Z,"Izu Islands, Japan region",earthquake,4.29,1.821,0.055,32,reviewed,us,us
2023-09-19T05:28:39.562Z,37.3774,73.1473,58.001,4.6,mb,50,53,2.349,0.46,us,us7000kwm4,2023-09-19T05:49:25.040Z,"87 km ENE of Khandūd, Afghanistan",earthquake,5.76,7.753,0.082,44,reviewed,us,us
2023-09-19T05:25:21.350Z,37.422,-121.3036667,3.68,3.06,ml,131,137,0.04005,0.2,nc,nc73938826,2023-09-23T09:44:26.509Z,"16 km WSW of Patterson, CA",earthquake,0.18,0.44,0.194,96,reviewed,nc,nc
2023-09-19T05:10:15.590Z,17.9425,-66.8673333333333,9.24,2.63,md,9,212,0.04919,0.08,pr,pr71425248,2023-09-19T05:23:26.780Z,"4 km SSE of Maria Antonia, Puerto Rico",earthquake,0.6,0.49,0.0505766216000096,5,reviewed,pr,pr
2023-09-19T04:50:24.410Z,34.0225,-116.9581667,6.84,2.6,ml,108,21,0.07325,0.16,ci,ci39668586,2023-09-21T22:03:57.040Z,"8 km E of Yucaipa, CA",earthquake,0.09,0.45,0.132,131,reviewed,ci,ci
2023-09-19T04:40:58.670Z,37.423,-121.3023333,2.13,2.97,ml,122,98,0.04056,0.21,nc,nc73938781,2023-09-22T09:19:15.318Z,"16 km WSW of Patterson, CA",earthquake,0.22,0.51,0.209,92,reviewed,nc,nc
2023-09-19T04:32:17.377Z,6.0891,126.8879,82.192,4.6,mb,38,121,1.625,0.75,us,us7000kwls,2023-09-20T04:56:08.040Z,"Mindanao, Philippines",earthquake,6.85,7.693,0.076,51,reviewed,us,us
2023-09-19T04:13:10.380Z,37.4381667,-121.2958333,3.51,4.53,mw,174,91,0.05369,0.18,nc,nc73938736,2023-09-23T19:32:40.880Z,"15 km SW of Westley, CA",earthquake,0.17,0.5,,5,reviewed,nc,nc
2023-09-19T03:53:59.940Z,17.9386666666667,-66.9655,15.3,3.03,md,21,220,0.06357,0.09,pr,pr71425233,2023-09-19T04:10:19.340Z,"7 km WSW of Guánica, Puerto Rico",earthquake,0.34,0.34,0.0620036336827243,5,reviewed,pr,pr
2023-09-19T03:44:30.550Z,37.4358333,-121.3031667,-0.4,3.49,mw,149,90,0.05285,0.19,nc,nc73938706,2023-09-21T17:49:55.482Z,"15 km SW of Westley, CA",earthquake,0.18,0.24,,3,reviewed,nc,nc
2023-09-19T03:28:25.969Z,-13.2277,167.1718,231.593,4.9,mb,60,53,7.788,0.61,us,us7000kwlc,2023-09-20T01:59:48.040Z,"82 km NNW of Sola, Vanuatu",earthquake,10.66,3.168,0.05,126,reviewed,us,us
2023-09-19T02:50:17.470Z,40.4241676,-125.1798325,0.94,3.27,ml,53,260,0.654,0.34,nc,nc73938691,2023-09-20T01:37:05.040Z,"77 km W of Petrolia, CA",earthquake,4.41,8.31,0.201,7,automatic,nc,nc
2023-09-19T02:45:38.342Z,-20.0688,-69.2873,86.822,4.1,mb,30,73,0.408,0.69,us,us7000kwl5,2023-09-20T00:50:51.615Z,"48 km NE of La Tirana, Chile",earthquake,4.84,5.355,0.151,12,reviewed,us,us
2023-09-19T02:37:19.310Z,18.7108,-64.1361,24,3.62,md,11,222,0.8953,0.19,pr,pr2023262001,2023-09-20T00:36:17.040Z,"Virgin Islands",earthquake,1.45,13.98,0.02,4,reviewed,pr,pr
2023-09-19T01:53:16.190Z,19.5725,-64.6235,33,3.8,md,9,318,1.2647,0.11,pr,pr2023262000,2023-09-19T02:14:06.591Z,"138 km N of Cruz Bay, U.S. Virgin Islands",earthquake,1.48,11.69,0.04,4,reviewed,pr,pr
2023-09-19T00:15:32.580Z,37.4418333,-121.2848333,0.05,3.97,mw,167,93,0.05643,0.17,nc,nc73938626,2023-09-20T21:24:13.796Z,"14 km SSW of Westley, CA",earthquake,0.15,0.21,,3,reviewed,nc,nc
2023-09-18T23:25:34.400Z,36.1928333,-120.7761667,8.15,2.96,md,68,76,0.03069,0.18,nc,nc73938606,2023-09-23T00:22:25.376Z,"22 km NNE of San Ardo, CA",earthquake,0.29,0.45,0.103,83,reviewed,nc,nc
2023-09-18T22:41:01.982Z,-10.0139,160.8209,36.586,4.9,mb,49,47,1.033,0.57,us,us7000kwk7,2023-09-18T23:13:02.040Z,"115 km SE of Honiara, Solomon Islands",earthquake,8.07,5.467,0.074,57,reviewed,us,us
2023-09-18T21:36:56.422Z,55.4995,-158.0405,36.4,3.2,ml,,,,0.62,ak,ak023bzzziq2,2023-09-18T22:00:39.040Z,"83 km SE of Perryville, Alaska",earthquake,,9.6,,,automatic,ak,ak
2023-09-18T20:32:09.993Z,33.175,138.3129,296.706,4.1,mb,48,86,1.261,0.74,us,us7000kwjh,2023-09-18T21:19:29.040Z,"158 km S of Ōyama, Japan",earthquake,5.71,6.703,0.096,30,reviewed,us,us
2023-09-18T19:44:43.230Z,-14.7798,167.3427,158.142,4.8,mb,59,108,6.436,0.79,us,us7000kwj6,2023-09-18T20:05:36.040Z,"Vanuatu",earthquake,9.21,5.637,0.072,59,reviewed,us,us
2023-09-18T19:33:04.988Z,38.5589,141.6239,64.44,5.5,mww,110,61,2.269,0.56,us,us7000kwis,2023-09-22T17:32:39.040Z,"19 km NE of Onagawa Chō, Japan",earthquake,7.75,4.043,0.059,28,reviewed,us,us
2023-09-18T17:57:28.658Z,-5.1515,101.9587,27.694,4.4,mb,44,109,1.267,0.67,us,us7000kwii,2023-09-18T19:24:04.040Z,"southwest of Sumatra, Indonesia",earthquake,5.2,6.473,0.088,37,reviewed,us,us
2023-09-18T17:06:03.657Z,-55.4027,-128.6756,10,4.8,mb,42,50,30.312,1.11,us,us7000kwir,2023-09-18T20:13:46.040Z,"Pacific-Antarctic Ridge",earthquake,14.29,1.803,0.105,28,reviewed,us,us
2023-09-18T17:01:22.700Z,19.2016,-66.708,59,3.6,md,16,229,0.7462,0.49,pr,pr2023261000,2023-09-18T17:27:03.805Z,"Puerto Rico region",earthquake,3.08,6.07,0.15,15,reviewed,pr,pr
2023-09-18T16:40:41.047Z,-3.6509,149.5682,10,4.6,mb,32,75,2.644,0.92,us,us7000kwhr,2023-09-18T17:27:15.040Z,"181 km SW of Kavieng, Papua New Guinea",earthquake,6.21,1.855,0.114,23,reviewed,us,us
2023-09-18T16:32:02.477Z,36.314,59.5339,10,3.8,mb,22,195,1.97,0.82,us,us7000kwhq,2023-09-19T12:53:31.851Z,"6 km WNW of Mashhad, Iran",earthquake,10.32,1.945,0.207,6,reviewed,us,us
2023-09-18T16:20:15.457Z,-20.8089,-67.1938,196.211,4.3,mb,45,52,2.148,0.85,us,us7000kwhl,2023-09-18T16:43:12.040Z,"54 km SW of Uyuni, Bolivia",earthquake,8.06,8.616,0.109,24,reviewed,us,us
2023-09-18T15:19:32.625Z,-14.4039,167.2147,217.095,4.7,mb,88,53,6.721,0.85,us,us7000kwgq,2023-09-18T15:44:55.040Z,"68 km SSW of Sola, Vanuatu",earthquake,11.11,6.17,0.054,103,reviewed,us,us
2023-09-18T14:34:40.983Z,40.1778,-98.3277,9.982,3.4,mb_lg,24,52,1.237,0.52,us,us7000kwge,2023-09-23T15:48:10.711Z,"10 km E of Cowles, Nebraska",earthquake,2.07,7.527,0.042,151,reviewed,us,us
2023-09-18T13:37:40.239Z,54.0911,159.6408,101.16,4.6,mb,82,111,1.222,0.67,us,us7000kwg6,2023-09-18T14:33:49.040Z,"94 km SE of Mil’kovo, Russia",earthquake,4.7,6.334,0.06,82,reviewed,us,us
2023-09-18T13:21:23.790Z,26.4336,125.3032,183.483,6.3,mww,113,35,2.262,1.21,us,us7000kwg2,2023-09-19T13:29:35.504Z,"180 km N of Hirara, Japan",earthquake,6.53,4.942,0.044,49,reviewed,us,us
2023-09-18T12:45:07.185Z,60.7472,-150.6103,60.8,2.5,ml,,,,0.18,ak,ak023bzuofxa,2023-09-18T12:46:16.465Z,"20 km SSE of Point Possession, Alaska",earthquake,,1.2,,,automatic,ak,ak
2023-09-18T11:31:11.439Z,29.7108,139.0214,443.735,4.5,mb,82,96,3.461,0.56,us,us7000kwfn,2023-09-18T11:46:48.040Z,"Izu Islands, Japan region",earthquake,10.1,7.015,0.037,217,reviewed,us,us
2023-09-18T11:02:08.584Z,13.0067,121.0746,68.078,4.8,mb,60,123,9.758,0.67,us,us7000kwfj,2023-09-18T11:42:08.998Z,"25 km S of Aurora, Philippines",earthquake,7.41,6.474,0.066,72,reviewed,us,us
2023-09-18T10:02:53.490Z,7.1026,-72.1008,10,4.5,mb,44,109,1.549,0.76,us,us7000kwfd,2023-09-18T13:08:51.040Z,"Colombia-Venezuela border region",earthquake,6.99,1.905,0.075,52,reviewed,us,us
2023-09-18T08:38:14.254Z,14.0967,-92.1478,35,4.2,mb,79,170,2.172,0.5,us,us7000kwf2,2023-09-18T16:27:44.040Z,"near the coast of Chiapas, Mexico",earthquake,4.94,1.966,0.053,102,reviewed,us,us
2023-09-18T08:12:29.750Z,17.9203333333333,-66.8685,8.92,2.51,md,11,224,0.05538,0.07,pr,pr71425178,2023-09-18T08:27:44.380Z,"6 km SSE of Maria Antonia, Puerto Rico",earthquake,0.97,0.51,0.0390621399362026,5,reviewed,pr,pr
2023-09-18T08:04:48.250Z,39.222,-120.0956667,1.96,2.51,md,18,55,0.08436,0.11,nc,nc73938276,2023-09-21T06:59:46.040Z,"4 km N of Dollar Point, CA",earthquake,0.27,1.25,0.248,37,reviewed,nc,nc
2023-09-18T07:03:13.438Z,52.2017,-174.2744,83.717,3.9,mb,94,166,0.047,0.5,us,us7000kwhu,2023-09-21T06:49:42.040Z,"Andreanof Islands, Aleutian Islands, Alaska",earthquake,7.99,4.052,0.077,45,reviewed,us,us
2023-09-18T06:24:05.461Z,-22.3842,68.9751,10,4.7,mb,26,68,5.851,0.48,us,us7000kwet,2023-09-18T07:28:20.040Z,"Mid-Indian Ridge",earthquake,4.79,1.876,0.126,19,reviewed,us,us
2023-09-18T06:20:52.980Z,38.8108333,-122.793,1.47,3.22,ml,113,31,0.00338,0.1,nc,nc73938186,2023-09-22T17:26:15.012Z,"5 km NW of The Geysers, CA",earthquake,0.09,0.14,0.199,107,reviewed,nc,nc
2023-09-18T06:09:43.430Z,60.2335,-152.8012,1,3.4,ml,,,,0.93,ak,ak023bzqw7a7,2023-09-18T16:49:17.343Z,"66 km WNW of Ninilchik, Alaska",earthquake,,0.1,,,reviewed,ak,ak
2023-09-18T04:58:53.630Z,17.9688333333333,-66.854,16.45,2.66,md,8,199,0.02482,0.12,pr,pr71425173,2023-09-18T05:09:29.030Z,"3 km ESE of Maria Antonia, Puerto Rico",earthquake,0.84,0.6,0.166906179547851,5,reviewed,pr,pr
2023-09-18T04:17:37.720Z,39.2225,-120.0956667,3.53,3.22,ml,32,52,0.08394,0.12,nc,nc73938166,2023-09-20T03:29:07.146Z,"4 km N of Dollar Point, CA",earthquake,0.2,0.62,0.197,69,reviewed,nc,nc
2023-09-18T04:00:20.040Z,58.3112,-151.252,0,2.8,ml,,,,0.96,ak,ak023bzpncus,2023-09-19T03:19:21.040Z,"85 km ENE of Ouzinkie, Alaska",earthquake,,0.3,,,automatic,ak,ak
2023-09-18T03:43:21.970Z,28.5397,129.9365,35,4.7,mb,30,116,2.249,0.39,us,us7000kwe2,2023-09-19T02:08:07.040Z,"Ryukyu Islands, Japan",earthquake,5.31,1.757,0.133,17,reviewed,us,us
2023-09-18T03:10:14.650Z,44.0454,11.6843,10,5.1,mww,71,36,0.594,0.62,us,us7000kwdw,2023-09-19T15:39:22.394Z,"5 km SW of Tredozio, Italy",earthquake,3.65,1.803,0.045,48,reviewed,us,us
2023-09-18T02:54:04.143Z,13.2212,120.3434,35,5,mb,56,69,10.029,0.73,us,us7000kwdu,2023-09-19T01:22:43.267Z,"Mindoro, Philippines",earthquake,7.2,1.809,0.066,74,reviewed,us,us
2023-09-18T02:40:58.390Z,17.9598333333333,-66.8451666666667,14.43,2.88,md,24,184,0.03581,0.17,pr,pr71425158,2023-09-18T02:59:16.120Z,"4 km SW of Indios, Puerto Rico",earthquake,0.4,0.4,0.116308301629749,9,reviewed,pr,pr
2023-09-18T02:38:03.941Z,44.055,11.6785,15.269,4.2,mb,37,69,0.585,0.59,us,us7000kwdq,2023-09-19T01:10:38.040Z,"5 km WSW of Tredozio, Italy",earthquake,2.16,5.22,0.187,8,reviewed,us,us
2023-09-17T23:18:53.102Z,55.3077,164.6612,10,4.5,mb,51,123,4.209,0.46,us,us7000kwdc,2023-09-18T02:37:23.040Z,"171 km SE of Ust’-Kamchatsk Staryy, Russia",earthquake,10.64,1.915,0.079,47,reviewed,us,us
2023-09-17T22:54:37.838Z,-55.9919,-27.0661,35,5.1,mb,73,57,5.669,0.62,us,us7000kwd8,2023-09-18T02:32:14.040Z,"South Sandwich Islands region",earthquake,10.14,1.839,0.072,63,reviewed,us,us
2023-09-17T22:20:40.239Z,-5.2399,147.1208,197.318,4.1,mb,19,147,4.138,0.49,us,us7000kwd3,2023-09-18T03:22:10.040Z,"eastern New Guinea region, Papua New Guinea",earthquake,15.55,9.062,0.135,15,reviewed,us,us
2023-09-17T20:20:29.892Z,35.4436,-113.2258,5,2.8,ml,11,66,0.572,0.31,us,us7000kwcr,2023-09-17T20:58:29.505Z,"Arizona",earthquake,1.44,1.948,0.043,70,reviewed,us,us
2023-09-17T20:16:53.721Z,57.154,-155.5682,59.6,3,ml,,,,0.31,ak,ak023bybqg3g,2023-09-17T20:36:41.040Z,"81 km SW of Karluk, Alaska",earthquake,,2,,,automatic,ak,ak
2023-09-17T20:03:45.599Z,-28.258,-71.2664,35.786,4.6,mb,23,141,0.9,0.82,us,us7000kwcl,2023-09-17T20:43:35.040Z,"60 km NW of Vallenar, Chile",earthquake,6.47,9.435,0.243,5,reviewed,us,us
2023-09-17T18:09:29.763Z,-5.386,34.8543,10,4.3,mb,12,156,4.378,1.13,us,us7000kwca,2023-09-17T18:40:03.040Z,"Tanzania",earthquake,11.59,1.961,0.238,5,reviewed,us,us
2023-09-17T16:23:34.911Z,38.7506,71.7288,37.855,4.6,mb,49,42,2.131,1.17,us,us7000kwbr,2023-09-17T17:07:24.040Z,"Afghanistan-Tajikistan border region",earthquake,5.06,6.215,0.066,69,reviewed,us,us
2023-09-17T16:21:28.840Z,17.8578333333333,-66.861,11.87,2.8,md,10,250,0.1179,0.12,pr,pr71425143,2023-09-17T16:30:19.820Z,"13 km SSE of Guánica, Puerto Rico",earthquake,0.88,0.69,0.209149964642227,7,reviewed,pr,pr
2023-09-17T15:19:50.413Z,50.8138,-130.3434,10,4.1,mb,22,208,1.415,1.06,us,us7000kwbk,2023-09-17T16:59:02.040Z,"231 km W of Port McNeill, Canada",earthquake,4.38,1.944,0.086,37,reviewed,us,us
2023-09-17T14:30:17.220Z,18.9118333333333,-66.7975,20.26,3.28,md,14,270,0.5015,0.18,pr,pr71425133,2023-09-17T15:18:03.340Z,"47 km N of Hatillo, Puerto Rico",earthquake,1.14,17.41,0.0492564751443156,11,reviewed,pr,pr
2023-09-17T12:58:45.533Z,-15.6024,168.1502,10,4.6,mb,26,136,6.142,0.74,us,us7000kwb6,2023-09-17T13:18:56.040Z,"",earthquake,9.4,1.84,0.133,18,reviewed,us,us
2023-09-17T11:54:00.157Z,-10.1402,161.3234,93.277,5,mww,76,120,1.525,0.66,us,us7000kwb2,2023-09-18T09:16:57.214Z,"74 km WNW of Kirakira, Solomon Islands",earthquake,9.74,6.328,0.098,10,reviewed,us,us
2023-09-17T11:28:11.292Z,50.7956,-130.2988,10,5.6,mww,82,131,1.385,0.77,us,us7000kwaz,2023-09-21T23:15:20.619Z,"228 km W of Port McNeill, Canada",earthquake,5.66,1.846,0.027,130,reviewed,us,us
2023-09-17T10:56:14.763Z,-8.3135,127.8269,10,4.4,mb,27,119,3.797,0.46,us,us7000kwar,2023-09-17T11:18:46.040Z,"94 km ENE of Lospalos, Timor Leste",earthquake,8.87,1.922,0.123,19,reviewed,us,us
2023-09-17T09:59:18.000Z,50.332,-128.649,12,4.3,Mb,45,176.39998588800114,4.064877,1.42,at,at00s14jqu,2023-09-20T11:29:47.518Z,"",earthquake,0,0,,20,reviewed,at,at
2023-09-17T09:59:00.075Z,50.9247,-130.0803,10,4.5,mwr,65,157,1.268,0.74,us,us7000kwak,2023-09-17T10:43:31.040Z,"214 km W of Port McNeill, Canada",earthquake,3.15,1.957,0.057,30,reviewed,us,us
2023-09-17T07:55:25.609Z,17.7426,-81.6524,10,4.2,mb,123,96,2.425,0.69,us,us7000kwag,2023-09-17T21:52:40.782Z,"173 km S of George Town, Cayman Islands",earthquake,8.01,1.962,0.045,134,reviewed,us,us
2023-09-17T07:43:08.623Z,48.0959,-115.2228,12.184,2.6,ml,30,109,0.364,0.43,us,us7000kwae,2023-09-22T01:34:23.272Z,"6 km WNW of Happys Inn, Montana",earthquake,5.48,7.943,0.048,56,reviewed,us,us
2023-09-17T07:08:54.480Z,47.60316666666667,-121.76083333333334,15.79,2.5,ml,66,105,0.1022,0.38,uw,uw61960406,2023-09-20T18:40:58.128Z,"9 km NNE of Snoqualmie, Washington",earthquake,0.37,0.69,0.13993637947726945,49,reviewed,uw,uw
2023-09-17T06:54:38.130Z,18.9801,-68.38,65,3.57,md,14,285,0.4662,0.49,pr,pr2023260001,2023-09-17T07:31:17.620Z,"44 km N of Punta Cana, Dominican Republic",earthquake,4.61,4.62,0.14,12,reviewed,pr,pr
2023-09-17T06:49:49.583Z,23.9566,90.6356,10,4,mb,23,154,5.265,0.33,us,us7000kwaj,2023-09-17T11:40:40.412Z,"9 km WNW of Narsingdi, Bangladesh",earthquake,6.9,2,0.15,12,reviewed,us,us
2023-09-17T04:28:34.940Z,17.8898333333333,-66.868,11.32,2.64,md,7,238,0.08543,0.12,pr,pr71425098,2023-09-17T04:37:31.810Z,"9 km SSE of Guánica, Puerto Rico",earthquake,0.81,0.75,0.228595413933893,6,reviewed,pr,pr
2023-09-17T04:12:33.718Z,11.3007,125.3317,81.88,4.2,mb,21,112,4.211,0.74,us,us7000kx4y,2023-09-22T01:52:50.040Z,"21 km NNW of Balangiga, Philippines",earthquake,13.05,7.217,0.187,11,reviewed,us,us
2023-09-17T04:01:46.505Z,-29.419,-71.3115,40.722,5,mwr,62,88,0.502,0.84,us,us7000kw9z,2023-09-22T08:48:13.040Z,"54 km N of La Serena, Chile",earthquake,3.39,5.817,0.043,52,reviewed,us,us
2023-09-17T03:17:57.689Z,-27.0414,-71.4307,10,4.5,mb,28,139,1.009,0.66,us,us7000kw9v,2023-09-19T23:13:08.040Z,"114 km WNW of Copiapó, Chile",earthquake,5.56,1.42,0.18,9,reviewed,us,us
2023-09-17T02:58:11.429Z,19.1513,121.1799,35,4.5,mb,44,86,3.649,1.08,us,us7000kw9u,2023-09-22T02:12:02.040Z,"59 km N of Namuac, Philippines",earthquake,7.98,1.699,0.102,29,reviewed,us,us
2023-09-17T02:47:09.060Z,18.1533333333333,-66.4033333333333,7.69,2.64,md,14,84,0.0825,0.21,pr,pr71425093,2023-09-17T03:03:05.300Z,"8 km S of Orocovis, Puerto Rico",earthquake,0.38,0.34,0.141912143963832,7,reviewed,pr,pr
2023-09-17T02:18:05.626Z,-37.7041,-75.2382,10,5,mb,49,143,1.893,1.02,us,us7000kw9k,2023-09-22T08:33:23.040Z,"140 km W of Lebu, Chile",earthquake,6.87,1.889,0.047,147,reviewed,us,us
2023-09-17T02:00:26.802Z,34.5703,98.9534,10,4.4,mb,31,76,4.119,0.87,us,us7000kw9h,2023-09-17T06:59:34.321Z,"202 km W of Oula Xiuma, China",earthquake,9.95,1.898,0.139,16,reviewed,us,us
2023-09-17T01:51:45.400Z,18.2341,-68.3758,71,3.77,md,10,258,0.2799,0.46,pr,pr2023260000,2023-09-17T02:45:41.040Z,"29 km ESE of Boca de Yuma, Dominican Republic",earthquake,5.99,2.95,0.04,2,reviewed,pr,pr
2023-09-17T00:59:49.757Z,-54.0896,7.7244,10,4.4,mb,13,96,18.236,0.45,us,us7000kx4w,2023-09-21T22:37:59.040Z,"Bouvet Island region",earthquake,10.56,1.92,0.161,11,reviewed,us,us
2023-09-17T00:54:47.690Z,17.8935,-66.8413333333333,14.68,2.54,md,20,208,0.08878,0.1,pr,pr71425068,2023-09-17T01:13:41.000Z,"10 km SSE of Maria Antonia, Puerto Rico",earthquake,0.66,0.42,0.0735122300515001,5,reviewed,pr,pr
2023-09-17T00:04:19.505Z,38.9352,71.6971,10,4.3,mb,33,113,0.547,0.93,us,us7000kw8y,2023-09-17T00:34:07.040Z,"36 km SSE of Karakenja, Tajikistan",earthquake,3.12,1.96,0.133,16,reviewed,us,us
